{
    "DTD": {
        "train": {
            "accuracy": 98.75886524822695,
            "logdet_hF": 14.943001747131348
        },
        "test": {
            "accuracy": 96.86170212765957,
            "logdet_hF": 14.945399284362793
        }
    },
    "EuroSAT": {
        "train": {
            "accuracy": 99.95370370370371,
            "logdet_hF": 15.53703498840332
        },
        "test": {
            "accuracy": 98.55555555555556,
            "logdet_hF": 15.537497520446777
        }
    },
    "GTSRB": {
        "train": {
            "accuracy": 99.98748748748748,
            "logdet_hF": 15.28181266784668
        },
        "test": {
            "accuracy": 97.83847980997625,
            "logdet_hF": 15.280799865722656
        }
    },
    "MNIST": {
        "train": {
            "accuracy": 99.8,
            "logdet_hF": 14.60541820526123
        },
        "test": {
            "accuracy": 99.5,
            "logdet_hF": 14.605198860168457
        }
    },
    "RESISC45": {
        "train": {
            "accuracy": 99.87066431510875,
            "logdet_hF": 14.454129219055176
        },
        "test": {
            "accuracy": 93.63492063492063,
            "logdet_hF": 14.453659057617188
        }
    },
    "SVHN": {
        "train": {
            "accuracy": 96.64942789750502,
            "logdet_hF": 14.524738311767578
        },
        "test": {
            "accuracy": 96.4658881376767,
            "logdet_hF": 14.519710540771484
        }
    }
}