{
    "DTD": {
        "train": {
            "accuracy": 98.85736800630417,
            "logdet_hF": 15.150402069091797
        },
        "test": {
            "accuracy": 96.86170212765957,
            "logdet_hF": 15.140830993652344
        }
    },
    "EuroSAT": {
        "train": {
            "accuracy": 99.87962962962963,
            "logdet_hF": 15.360051155090332
        },
        "test": {
            "accuracy": 98.51851851851852,
            "logdet_hF": 15.359609603881836
        }
    },
    "GTSRB": {
        "train": {
            "accuracy": 99.97080413747081,
            "logdet_hF": 15.26978588104248
        },
        "test": {
            "accuracy": 97.6880443388757,
            "logdet_hF": 15.271888732910156
        }
    },
    "MNIST": {
        "train": {
            "accuracy": 99.72727272727273,
            "logdet_hF": 14.495327949523926
        },
        "test": {
            "accuracy": 99.44,
            "logdet_hF": 14.49612045288086
        }
    },
    "RESISC45": {
        "train": {
            "accuracy": 99.93533215755438,
            "logdet_hF": 14.953631401062012
        },
        "test": {
            "accuracy": 93.98412698412699,
            "logdet_hF": 14.952850341796875
        }
    },
    "SVHN": {
        "train": {
            "accuracy": 97.01129554477929,
            "logdet_hF": 14.407855033874512
        },
        "test": {
            "accuracy": 96.17778119237862,
            "logdet_hF": 14.394004821777344
        }
    }
}