{
    "accuracy": 46.52709612200947,
    "logdet_hF": 15.161391258239746
}