{
    "DTD": {
        "train": {
            "accuracy": 52.364066193853425,
            "logdet_hF": 14.596821784973145
        },
        "test": {
            "accuracy": 51.91489361702128
        }
    },
    "EuroSAT": {
        "train": {
            "accuracy": 66.39351851851852,
            "logdet_hF": 15.038384437561035
        },
        "test": {
            "accuracy": 66.29629629629629
        }
    },
    "GTSRB": {
        "train": {
            "accuracy": 43.706206206206204,
            "logdet_hF": 15.286465644836426
        },
        "test": {
            "accuracy": 41.93982581155978
        }
    },
    "MNIST": {
        "train": {
            "accuracy": 59.552727272727275,
            "logdet_hF": 15.2351655960083
        },
        "test": {
            "accuracy": 58.64
        }
    },
    "RESISC45": {
        "train": {
            "accuracy": 70.44091710758377,
            "logdet_hF": 14.935952186584473
        },
        "test": {
            "accuracy": 69.84126984126983
        }
    },
    "SVHN": {
        "train": {
            "accuracy": 45.01369822875309,
            "logdet_hF": 14.494872093200684
        },
        "test": {
            "accuracy": 50.05377996312231
        }
    }
}