{
    "DTD": {
        "train": {
            "accuracy": 52.364066193853425,
            "logdet_hF": 14.602230072021484
        },
        "test": {
            "accuracy": 51.91489361702128
        }
    },
    "EuroSAT": {
        "train": {
            "accuracy": 66.39351851851852,
            "logdet_hF": 15.047961235046387
        },
        "test": {
            "accuracy": 66.29629629629629
        }
    },
    "GTSRB": {
        "train": {
            "accuracy": 43.706206206206204,
            "logdet_hF": 15.2899808883667
        },
        "test": {
            "accuracy": 41.93982581155978
        }
    },
    "MNIST": {
        "train": {
            "accuracy": 59.552727272727275,
            "logdet_hF": 15.234277725219727
        },
        "test": {
            "accuracy": 58.64
        }
    },
    "RESISC45": {
        "train": {
            "accuracy": 70.44091710758377,
            "logdet_hF": 14.946666717529297
        },
        "test": {
            "accuracy": 69.84126984126983
        }
    },
    "SVHN": {
        "train": {
            "accuracy": 45.01369822875309,
            "logdet_hF": 14.507079124450684
        },
        "test": {
            "accuracy": 50.05377996312231
        }
    }
}