{
    "DTD": {
        "train": {
            "accuracy": 98.85736800630417,
            "logdet_hF": 14.655134201049805
        },
        "test": {
            "accuracy": 96.86170212765957
        }
    },
    "EuroSAT": {
        "train": {
            "accuracy": 99.95833333333333,
            "logdet_hF": 15.305306434631348
        },
        "test": {
            "accuracy": 98.70370370370371
        }
    },
    "GTSRB": {
        "train": {
            "accuracy": 99.98748748748748,
            "logdet_hF": 15.314656257629395
        },
        "test": {
            "accuracy": 97.9889152810768
        }
    },
    "MNIST": {
        "train": {
            "accuracy": 99.74909090909091,
            "logdet_hF": 14.224016189575195
        },
        "test": {
            "accuracy": 99.45
        }
    },
    "RESISC45": {
        "train": {
            "accuracy": 99.9294532627866,
            "logdet_hF": 14.971170425415039
        },
        "test": {
            "accuracy": 93.80952380952381
        }
    },
    "SVHN": {
        "train": {
            "accuracy": 96.9043468069209,
            "logdet_hF": 14.32998275756836
        },
        "test": {
            "accuracy": 96.5081438229871
        }
    }
}