{
    "DTD": {
        "train": {
            "accuracy": 98.83766745468873,
            "logdet_hF": 14.726709365844727
        },
        "test": {
            "accuracy": 97.02127659574468
        }
    },
    "EuroSAT": {
        "train": {
            "accuracy": 99.69444444444444,
            "logdet_hF": 15.604629516601562
        },
        "test": {
            "accuracy": 98.07407407407408
        }
    },
    "GTSRB": {
        "train": {
            "accuracy": 99.97497497497497,
            "logdet_hF": 15.269288063049316
        },
        "test": {
            "accuracy": 97.50593824228028
        }
    },
    "MNIST": {
        "train": {
            "accuracy": 99.83090909090909,
            "logdet_hF": 14.342096328735352
        },
        "test": {
            "accuracy": 99.44
        }
    },
    "RESISC45": {
        "train": {
            "accuracy": 99.95296884185773,
            "logdet_hF": 14.884639739990234
        },
        "test": {
            "accuracy": 93.95238095238095
        }
    },
    "SVHN": {
        "train": {
            "accuracy": 97.08601315615981,
            "logdet_hF": 14.484922409057617
        },
        "test": {
            "accuracy": 96.49277811923785
        }
    }
}