{
    "DTD": {
        "train": {
            "accuracy": 37.13553979511426,
            "logdet_hF": 15.199590682983398
        },
        "test": {
            "accuracy": 37.659574468085104
        }
    },
    "EuroSAT": {
        "train": {
            "accuracy": 99.27777777777777,
            "logdet_hF": 15.711875915527344
        },
        "test": {
            "accuracy": 97.92592592592592
        }
    },
    "GTSRB": {
        "train": {
            "accuracy": 99.64547881214548,
            "logdet_hF": 15.709418296813965
        },
        "test": {
            "accuracy": 95.15439429928742
        }
    },
    "MNIST": {
        "train": {
            "accuracy": 98.93818181818182,
            "logdet_hF": 15.107038497924805
        },
        "test": {
            "accuracy": 98.73
        }
    },
    "RESISC45": {
        "train": {
            "accuracy": 93.04526748971193,
            "logdet_hF": 15.476367950439453
        },
        "test": {
            "accuracy": 82.23809523809524
        }
    },
    "SVHN": {
        "train": {
            "accuracy": 91.52028363391301,
            "logdet_hF": 15.567294120788574
        },
        "test": {
            "accuracy": 91.5258143822987
        }
    }
}