{
    "DTD": {
        "train": {
            "accuracy": 43.794326241134755,
            "logdet_hF": 13.99142074584961
        },
        "test": {
            "accuracy": 44.41489361702128
        }
    },
    "EuroSAT": {
        "train": {
            "accuracy": 27.458333333333332,
            "logdet_hF": 16.535350799560547
        },
        "test": {
            "accuracy": 29.333333333333332
        }
    },
    "GTSRB": {
        "train": {
            "accuracy": 22.268101434768102,
            "logdet_hF": 15.850799560546875
        },
        "test": {
            "accuracy": 23.507521773555027
        }
    },
    "MNIST": {
        "train": {
            "accuracy": 36.37090909090909,
            "logdet_hF": 15.951224327087402
        },
        "test": {
            "accuracy": 35.97
        }
    },
    "RESISC45": {
        "train": {
            "accuracy": 23.109935332157555,
            "logdet_hF": 15.378490447998047
        },
        "test": {
            "accuracy": 23.88888888888889
        }
    },
    "SVHN": {
        "train": {
            "accuracy": 47.896918997318956,
            "logdet_hF": 15.349444389343262
        },
        "test": {
            "accuracy": 52.92332513829133
        }
    }
}