{
    "DTD": {
        "train": {
            "accuracy": 43.73522458628842,
            "logdet_hF": 13.98879337310791
        },
        "test": {
            "accuracy": 44.41489361702128
        }
    },
    "EuroSAT": {
        "train": {
            "accuracy": 45.541666666666664,
            "logdet_hF": 14.880035400390625
        },
        "test": {
            "accuracy": 45.370370370370374
        }
    },
    "GTSRB": {
        "train": {
            "accuracy": 33.05805805805806,
            "logdet_hF": 14.953227043151855
        },
        "test": {
            "accuracy": 32.6049089469517
        }
    },
    "MNIST": {
        "train": {
            "accuracy": 47.59090909090909,
            "logdet_hF": 14.2156400680542
        },
        "test": {
            "accuracy": 48.26
        }
    },
    "RESISC45": {
        "train": {
            "accuracy": 60.18812463256908,
            "logdet_hF": 14.31020450592041
        },
        "test": {
            "accuracy": 60.26984126984127
        }
    },
    "SVHN": {
        "train": {
            "accuracy": 29.6760771788974,
            "logdet_hF": 14.136381149291992
        },
        "test": {
            "accuracy": 31.626459741856177
        }
    }
}