{
    "DTD": {
        "train": {
            "accuracy": 43.67612293144208,
            "logdet_hF": 13.967853546142578
        },
        "test": {
            "accuracy": 44.41489361702128
        }
    },
    "EuroSAT": {
        "train": {
            "accuracy": 10.24537037037037,
            "logdet_hF": 15.82753849029541
        },
        "test": {
            "accuracy": 10.592592592592593
        }
    },
    "GTSRB": {
        "train": {
            "accuracy": 7.62012012012012,
            "logdet_hF": 15.529287338256836
        },
        "test": {
            "accuracy": 7.292161520190024
        }
    },
    "MNIST": {
        "train": {
            "accuracy": 22.841818181818184,
            "logdet_hF": 16.076942443847656
        },
        "test": {
            "accuracy": 22.57
        }
    },
    "RESISC45": {
        "train": {
            "accuracy": 4.626690182245738,
            "logdet_hF": 14.579119682312012
        },
        "test": {
            "accuracy": 4.634920634920635
        }
    },
    "SVHN": {
        "train": {
            "accuracy": 15.532472859926454,
            "logdet_hF": 14.75641918182373
        },
        "test": {
            "accuracy": 14.977719729563614
        }
    }
}