{
    "DTD": {
        "train": {
            "accuracy": 43.853427895981085,
            "logdet_hF": 13.958126068115234
        },
        "test": {
            "accuracy": 44.41489361702128
        }
    },
    "EuroSAT": {
        "train": {
            "accuracy": 21.35648148148148,
            "logdet_hF": 16.26842498779297
        },
        "test": {
            "accuracy": 22.37037037037037
        }
    },
    "GTSRB": {
        "train": {
            "accuracy": 24.382716049382715,
            "logdet_hF": 15.986814498901367
        },
        "test": {
            "accuracy": 25.843230403800476
        }
    },
    "MNIST": {
        "train": {
            "accuracy": 32.807272727272725,
            "logdet_hF": 16.18206024169922
        },
        "test": {
            "accuracy": 32.54
        }
    },
    "RESISC45": {
        "train": {
            "accuracy": 22.804232804232804,
            "logdet_hF": 15.443099021911621
        },
        "test": {
            "accuracy": 24.22222222222222
        }
    },
    "SVHN": {
        "train": {
            "accuracy": 46.626719603850155,
            "logdet_hF": 15.445219039916992
        },
        "test": {
            "accuracy": 52.085894283958204
        }
    }
}