{
    "DTD": {
        "train": {
            "accuracy": 51.89125295508274,
            "logdet_hF": 14.694014549255371
        },
        "test": {
            "accuracy": 51.59574468085106
        }
    },
    "EuroSAT": {
        "train": {
            "accuracy": 65.65277777777777,
            "logdet_hF": 15.038348197937012
        },
        "test": {
            "accuracy": 65.37037037037037
        }
    },
    "GTSRB": {
        "train": {
            "accuracy": 43.77711044377711,
            "logdet_hF": 15.31510066986084
        },
        "test": {
            "accuracy": 41.78147268408551
        }
    },
    "MNIST": {
        "train": {
            "accuracy": 60.276363636363634,
            "logdet_hF": 15.213868141174316
        },
        "test": {
            "accuracy": 59.49
        }
    },
    "RESISC45": {
        "train": {
            "accuracy": 67.43092298647854,
            "logdet_hF": 14.95400333404541
        },
        "test": {
            "accuracy": 66.93650793650794
        }
    },
    "SVHN": {
        "train": {
            "accuracy": 43.221940606824205,
            "logdet_hF": 14.539816856384277
        },
        "test": {
            "accuracy": 47.672095881991396
        }
    }
}