{
    "DTD": {
        "train": {
            "accuracy": 51.57604412923562,
            "logdet_hF": 14.989731788635254
        },
        "test": {
            "accuracy": 50.90425531914894
        }
    },
    "EuroSAT": {
        "train": {
            "accuracy": 65.23611111111111,
            "logdet_hF": 15.018586158752441
        },
        "test": {
            "accuracy": 65.4074074074074
        }
    },
    "GTSRB": {
        "train": {
            "accuracy": 43.097263930597265,
            "logdet_hF": 15.28077507019043
        },
        "test": {
            "accuracy": 42.05067300079177
        }
    },
    "MNIST": {
        "train": {
            "accuracy": 60.654545454545456,
            "logdet_hF": 15.083572387695312
        },
        "test": {
            "accuracy": 60.33
        }
    },
    "RESISC45": {
        "train": {
            "accuracy": 67.13109935332157,
            "logdet_hF": 14.674920082092285
        },
        "test": {
            "accuracy": 67.36507936507937
        }
    },
    "SVHN": {
        "train": {
            "accuracy": 43.87095828999224,
            "logdet_hF": 14.55066204071045
        },
        "test": {
            "accuracy": 48.01782421634911
        }
    }
}