{
    "DTD": {
        "train": {
            "accuracy": 49.70449172576832,
            "logdet_hF": 15.038994789123535
        },
        "test": {
            "accuracy": 48.297872340425535
        }
    },
    "EuroSAT": {
        "train": {
            "accuracy": 62.93518518518518,
            "logdet_hF": 14.86687183380127
        },
        "test": {
            "accuracy": 63.51851851851852
        }
    },
    "GTSRB": {
        "train": {
            "accuracy": 37.92542542542542,
            "logdet_hF": 14.717313766479492
        },
        "test": {
            "accuracy": 37.482185273159146
        }
    },
    "MNIST": {
        "train": {
            "accuracy": 59.54909090909091,
            "logdet_hF": 14.442986488342285
        },
        "test": {
            "accuracy": 59.37
        }
    },
    "RESISC45": {
        "train": {
            "accuracy": 59.25925925925926,
            "logdet_hF": 14.159964561462402
        },
        "test": {
            "accuracy": 59.84126984126984
        }
    },
    "SVHN": {
        "train": {
            "accuracy": 41.188449536311296,
            "logdet_hF": 13.706473350524902
        },
        "test": {
            "accuracy": 45.647664413030114
        }
    }
}