{
    "DTD": {
        "train": {
            "accuracy": 98.18754925137904,
            "logdet_hF": 14.99482250213623
        },
        "test": {
            "accuracy": 96.27659574468085,
            "logdet_hF": 14.997675895690918
        }
    },
    "EuroSAT": {
        "train": {
            "accuracy": 99.85185185185185,
            "logdet_hF": 15.613378524780273
        },
        "test": {
            "accuracy": 98.51851851851852,
            "logdet_hF": 15.61515998840332
        }
    },
    "GTSRB": {
        "train": {
            "accuracy": 99.97497497497497,
            "logdet_hF": 15.626945495605469
        },
        "test": {
            "accuracy": 97.01504354711005,
            "logdet_hF": 15.631502151489258
        }
    },
    "MNIST": {
        "train": {
            "accuracy": 99.66,
            "logdet_hF": 14.67935848236084
        },
        "test": {
            "accuracy": 99.45,
            "logdet_hF": 14.673290252685547
        }
    },
    "RESISC45": {
        "train": {
            "accuracy": 99.70017636684304,
            "logdet_hF": 15.228045463562012
        },
        "test": {
            "accuracy": 93.42857142857143,
            "logdet_hF": 15.228959083557129
        }
    },
    "SVHN": {
        "train": {
            "accuracy": 95.13016979943448,
            "logdet_hF": 14.632979393005371
        },
        "test": {
            "accuracy": 95.33650891210817,
            "logdet_hF": 14.623210906982422
        }
    }
}