{
    "DTD": {
        "train": {
            "accuracy": 97.478329393223,
            "logdet_hF": 14.95918083190918
        },
        "test": {
            "accuracy": 95.53191489361703,
            "logdet_hF": 14.979166984558105
        }
    },
    "EuroSAT": {
        "train": {
            "accuracy": 99.25925925925925,
            "logdet_hF": 15.88248062133789
        },
        "test": {
            "accuracy": 97.62962962962963,
            "logdet_hF": 15.881650924682617
        }
    },
    "GTSRB": {
        "train": {
            "accuracy": 99.91241241241241,
            "logdet_hF": 15.66793155670166
        },
        "test": {
            "accuracy": 96.67458432304038,
            "logdet_hF": 15.664892196655273
        }
    },
    "MNIST": {
        "train": {
            "accuracy": 99.39818181818181,
            "logdet_hF": 15.041723251342773
        },
        "test": {
            "accuracy": 99.29,
            "logdet_hF": 15.04005241394043
        }
    },
    "RESISC45": {
        "train": {
            "accuracy": 99.06525573192239,
            "logdet_hF": 15.329965591430664
        },
        "test": {
            "accuracy": 92.63492063492063,
            "logdet_hF": 15.3286771774292
        }
    },
    "SVHN": {
        "train": {
            "accuracy": 95.11844938980617,
            "logdet_hF": 14.943000793457031
        },
        "test": {
            "accuracy": 95.2980946527351,
            "logdet_hF": 14.945001602172852
        }
    }
}