{
    "DTD": {
        "train": {
            "accuracy": 99.31048069345941,
            "logdet_hF": 14.679314613342285
        },
        "test": {
            "accuracy": 97.18085106382979,
            "logdet_hF": 14.681670188903809
        }
    },
    "EuroSAT": {
        "train": {
            "accuracy": 99.85648148148148,
            "logdet_hF": 14.959473609924316
        },
        "test": {
            "accuracy": 98.66666666666667,
            "logdet_hF": 14.95702075958252
        }
    },
    "GTSRB": {
        "train": {
            "accuracy": 100.0,
            "logdet_hF": 15.34231948852539
        },
        "test": {
            "accuracy": 98.11559778305622,
            "logdet_hF": 15.342470169067383
        }
    },
    "MNIST": {
        "train": {
            "accuracy": 99.76,
            "logdet_hF": 14.139022827148438
        },
        "test": {
            "accuracy": 99.5,
            "logdet_hF": 14.140420913696289
        }
    },
    "RESISC45": {
        "train": {
            "accuracy": 100.0,
            "logdet_hF": 14.437217712402344
        },
        "test": {
            "accuracy": 94.53968253968254,
            "logdet_hF": 14.438544273376465
        }
    },
    "SVHN": {
        "train": {
            "accuracy": 97.63540735748714,
            "logdet_hF": 14.002483367919922
        },
        "test": {
            "accuracy": 96.7078979717271,
            "logdet_hF": 13.991948127746582
        }
    }
}