{
    "DTD": {
        "train": {
            "accuracy": 98.87706855791963,
            "logdet_hF": 14.29644775390625
        },
        "test": {
            "accuracy": 97.07446808510639,
            "logdet_hF": 14.296154022216797
        }
    },
    "EuroSAT": {
        "train": {
            "accuracy": 99.97222222222223,
            "logdet_hF": 14.55600643157959
        },
        "test": {
            "accuracy": 98.85185185185185,
            "logdet_hF": 14.554184913635254
        }
    },
    "GTSRB": {
        "train": {
            "accuracy": 99.99582916249582,
            "logdet_hF": 14.41607666015625
        },
        "test": {
            "accuracy": 98.2264449722882,
            "logdet_hF": 14.415343284606934
        }
    },
    "MNIST": {
        "train": {
            "accuracy": 99.84181818181818,
            "logdet_hF": 13.721294403076172
        },
        "test": {
            "accuracy": 99.46,
            "logdet_hF": 13.719786643981934
        }
    },
    "RESISC45": {
        "train": {
            "accuracy": 99.97648442092887,
            "logdet_hF": 13.968220710754395
        },
        "test": {
            "accuracy": 94.23809523809524,
            "logdet_hF": 13.964755058288574
        }
    },
    "SVHN": {
        "train": {
            "accuracy": 97.92109234217736,
            "logdet_hF": 13.487462997436523
        },
        "test": {
            "accuracy": 96.95374923171481,
            "logdet_hF": 13.493433952331543
        }
    }
}