{
    "DTD": {
        "train": {
            "accuracy": 97.478329393223,
            "logdet_hF": 15.010446548461914
        },
        "test": {
            "accuracy": 95.53191489361703,
            "logdet_hF": 15.016592979431152
        }
    },
    "EuroSAT": {
        "train": {
            "accuracy": 99.25925925925925,
            "logdet_hF": 15.887811660766602
        },
        "test": {
            "accuracy": 97.62962962962963,
            "logdet_hF": 15.885466575622559
        }
    },
    "GTSRB": {
        "train": {
            "accuracy": 99.91241241241241,
            "logdet_hF": 15.590227127075195
        },
        "test": {
            "accuracy": 96.67458432304038,
            "logdet_hF": 15.587737083435059
        }
    },
    "MNIST": {
        "train": {
            "accuracy": 99.39818181818181,
            "logdet_hF": 15.100576400756836
        },
        "test": {
            "accuracy": 99.29,
            "logdet_hF": 15.094969749450684
        }
    },
    "RESISC45": {
        "train": {
            "accuracy": 99.06525573192239,
            "logdet_hF": 15.280075073242188
        },
        "test": {
            "accuracy": 92.63492063492063,
            "logdet_hF": 15.279626846313477
        }
    },
    "SVHN": {
        "train": {
            "accuracy": 95.11844938980617,
            "logdet_hF": 14.942926406860352
        },
        "test": {
            "accuracy": 95.2980946527351,
            "logdet_hF": 14.932544708251953
        }
    }
}