{
    "DTD": {
        "train": {
            "accuracy": 98.64066193853428,
            "logdet_hF": 14.678986549377441
        },
        "test": {
            "accuracy": 97.07446808510639,
            "logdet_hF": 14.670076370239258
        }
    },
    "EuroSAT": {
        "train": {
            "accuracy": 99.56018518518519,
            "logdet_hF": 15.614782333374023
        },
        "test": {
            "accuracy": 98.33333333333333,
            "logdet_hF": 15.617348670959473
        }
    },
    "GTSRB": {
        "train": {
            "accuracy": 99.98331664998332,
            "logdet_hF": 15.275331497192383
        },
        "test": {
            "accuracy": 97.32383214568488,
            "logdet_hF": 15.274825096130371
        }
    },
    "MNIST": {
        "train": {
            "accuracy": 99.66363636363636,
            "logdet_hF": 14.247209548950195
        },
        "test": {
            "accuracy": 99.26,
            "logdet_hF": 14.247428894042969
        }
    },
    "RESISC45": {
        "train": {
            "accuracy": 99.97648442092887,
            "logdet_hF": 15.081480026245117
        },
        "test": {
            "accuracy": 94.04761904761905,
            "logdet_hF": 15.084382057189941
        }
    },
    "SVHN": {
        "train": {
            "accuracy": 96.88969629488551,
            "logdet_hF": 14.577226638793945
        },
        "test": {
            "accuracy": 96.4658881376767,
            "logdet_hF": 14.578658103942871
        }
    }
}