{"dataset": "Test", "accuracy": 97.18085106382979, "logdet_hF": 14.245035171508789}