{"dataset": "Test", "accuracy": 97.07446808510639, "logdet_hF": 14.557564735412598}