{"dataset": "Test", "accuracy": 98.77777777777777, "logdet_hF": 14.896007537841797}