{"dataset": "Test", "accuracy": 98.48148148148148, "logdet_hF": 15.229702949523926}