{"dataset": "Test", "accuracy": 98.23436262866191, "logdet_hF": 14.37304973602295}