{"dataset": "Test", "accuracy": 98.13935075217735, "logdet_hF": 14.86589527130127}