{
    "DTD": {
        "test": {
            "accuracy": 45.0354609929078,
            "logdet_hF": 13.867566108703613
        }
    },
    "EuroSAT": {
        "test": {
            "accuracy": 44.666666666666664,
            "logdet_hF": 14.840225219726562
        }
    },
    "GTSRB": {
        "test": {
            "accuracy": 33.671171171171174,
            "logdet_hF": 14.907986640930176
        }
    },
    "MNIST": {
        "test": {
            "accuracy": 47.42,
            "logdet_hF": 14.209657669067383
        }
    },
    "RESISC45": {
        "test": {
            "accuracy": 62.06349206349206,
            "logdet_hF": 14.43896198272705
        }
    },
    "SVHN": {
        "test": {
            "accuracy": 28.84,
            "logdet_hF": 14.055225372314453
        }
    }
}