{
    "accuracy": 45.66857611673528,
    "logdet_hF": 14.657889366149902
}