{
    "DTD": {
        "accuracy": 44.089834515366434,
        "logdet_hF": 13.90072250366211
    },
    "EuroSAT": {
        "accuracy": 45.66203703703704,
        "logdet_hF": 14.899598121643066
    },
    "GTSRB": {
        "accuracy": 32.665999332666,
        "logdet_hF": 14.858453750610352
    },
    "MNIST": {
        "accuracy": 47.627272727272725,
        "logdet_hF": 14.164758682250977
    },
    "RESISC45": {
        "accuracy": 60.252792475014694,
        "logdet_hF": 14.372892379760742
    },
    "SVHN": {
        "accuracy": 29.630660591587677,
        "logdet_hF": 14.073287963867188
    }
}