{
    "DTD": {
        "test": {
            "accuracy": 44.858156028368796,
            "logdet_hF": 13.952997207641602
        }
    },
    "EuroSAT": {
        "test": {
            "accuracy": 43.666666666666664,
            "logdet_hF": 14.862371444702148
        }
    },
    "GTSRB": {
        "test": {
            "accuracy": 33.22072072072072,
            "logdet_hF": 14.9697904586792
        }
    },
    "MNIST": {
        "test": {
            "accuracy": 47.74,
            "logdet_hF": 14.215893745422363
        }
    },
    "RESISC45": {
        "test": {
            "accuracy": 62.06349206349206,
            "logdet_hF": 14.346446990966797
        }
    },
    "SVHN": {
        "test": {
            "accuracy": 28.72,
            "logdet_hF": 14.127497673034668
        }
    }
}