{
    "DTD": {
        "accuracy": 44.2080378250591,
        "logdet_hF": 14.078269004821777
    },
    "EuroSAT": {
        "accuracy": 45.476851851851855,
        "logdet_hF": 14.980912208557129
    },
    "GTSRB": {
        "accuracy": 33.14981648314981,
        "logdet_hF": 14.910380363464355
    },
    "MNIST": {
        "accuracy": 47.656363636363636,
        "logdet_hF": 14.190881729125977
    },
    "RESISC45": {
        "accuracy": 60.311581422692534,
        "logdet_hF": 13.946809768676758
    },
    "SVHN": {
        "accuracy": 29.71856366380005,
        "logdet_hF": 13.976371765136719
    }
}