{"dataset": "Test", "accuracy": 94.12698412698413, "logdet_hF": 14.050597190856934}