{"dataset": "Test", "accuracy": 94.0952380952381, "logdet_hF": 14.608109474182129}