{
    "DTD": {
        "train": {
            "accuracy": 52.79747832939322,
            "logdet_hF": 15.099971771240234
        },
        "test": {
            "accuracy": 52.659574468085104
        }
    },
    "EuroSAT": {
        "train": {
            "accuracy": 71.22222222222223,
            "logdet_hF": 14.891901016235352
        },
        "test": {
            "accuracy": 71.37037037037037
        }
    },
    "GTSRB": {
        "train": {
            "accuracy": 46.575742409075744,
            "logdet_hF": 15.360544204711914
        },
        "test": {
            "accuracy": 44.42596991290578
        }
    },
    "MNIST": {
        "train": {
            "accuracy": 66.41636363636364,
            "logdet_hF": 14.541315078735352
        },
        "test": {
            "accuracy": 65.88
        }
    },
    "RESISC45": {
        "train": {
            "accuracy": 70.99941211052322,
            "logdet_hF": 14.591894149780273
        },
        "test": {
            "accuracy": 70.11111111111111
        }
    },
    "SVHN": {
        "train": {
            "accuracy": 49.00889286080549,
            "logdet_hF": 14.135529518127441
        },
        "test": {
            "accuracy": 54.04502151198525
        }
    }
}