{
    "DTD": {
        "train": {
            "accuracy": 52.18676122931442,
            "logdet_hF": 14.719840049743652
        },
        "test": {
            "accuracy": 51.43617021276596
        }
    },
    "EuroSAT": {
        "train": {
            "accuracy": 68.88888888888889,
            "logdet_hF": 15.024418830871582
        },
        "test": {
            "accuracy": 68.81481481481481
        }
    },
    "GTSRB": {
        "train": {
            "accuracy": 42.91791791791792,
            "logdet_hF": 15.147818565368652
        },
        "test": {
            "accuracy": 41.14806017418844
        }
    },
    "MNIST": {
        "train": {
            "accuracy": 66.95454545454545,
            "logdet_hF": 14.781904220581055
        },
        "test": {
            "accuracy": 66.94
        }
    },
    "RESISC45": {
        "train": {
            "accuracy": 69.09465020576131,
            "logdet_hF": 14.886160850524902
        },
        "test": {
            "accuracy": 68.53968253968254
        }
    },
    "SVHN": {
        "train": {
            "accuracy": 46.73659844411562,
            "logdet_hF": 14.58410358428955
        },
        "test": {
            "accuracy": 51.45590043023971
        }
    }
}