{
    "DTD": {
        "train": {
            "accuracy": 51.241134751773046,
            "logdet_hF": 14.461651802062988
        },
        "test": {
            "accuracy": 50.851063829787236
        }
    },
    "EuroSAT": {
        "train": {
            "accuracy": 60.64351851851852,
            "logdet_hF": 15.056941986083984
        },
        "test": {
            "accuracy": 60.074074074074076
        }
    },
    "GTSRB": {
        "train": {
            "accuracy": 41.504004004004,
            "logdet_hF": 15.125468254089355
        },
        "test": {
            "accuracy": 40.736342042755346
        }
    },
    "MNIST": {
        "train": {
            "accuracy": 60.26,
            "logdet_hF": 15.450057029724121
        },
        "test": {
            "accuracy": 59.69
        }
    },
    "RESISC45": {
        "train": {
            "accuracy": 65.42621987066431,
            "logdet_hF": 14.827679634094238
        },
        "test": {
            "accuracy": 65.33333333333333
        }
    },
    "SVHN": {
        "train": {
            "accuracy": 40.014943522276106,
            "logdet_hF": 15.022836685180664
        },
        "test": {
            "accuracy": 43.89213275968039
        }
    }
}