{
    "DTD": {
        "train": {
            "accuracy": 51.8715524034673,
            "logdet_hF": 14.822519302368164
        },
        "test": {
            "accuracy": 51.648936170212764
        }
    },
    "EuroSAT": {
        "train": {
            "accuracy": 64.72222222222223,
            "logdet_hF": 15.143260955810547
        },
        "test": {
            "accuracy": 64.70370370370371
        }
    },
    "GTSRB": {
        "train": {
            "accuracy": 43.87721054387721,
            "logdet_hF": 15.24442195892334
        },
        "test": {
            "accuracy": 42.145684877276324
        }
    },
    "MNIST": {
        "train": {
            "accuracy": 62.68909090909091,
            "logdet_hF": 15.246211051940918
        },
        "test": {
            "accuracy": 62.19
        }
    },
    "RESISC45": {
        "train": {
            "accuracy": 67.52498530276308,
            "logdet_hF": 14.917318344116211
        },
        "test": {
            "accuracy": 66.88888888888889
        }
    },
    "SVHN": {
        "train": {
            "accuracy": 44.70896757841687,
            "logdet_hF": 14.550817489624023
        },
        "test": {
            "accuracy": 49.39689612784265
        }
    }
}