{"dataset": "Test", "accuracy": 96.93454210202827, "logdet_hF": 13.71984577178955}