{"dataset": "Test", "accuracy": 96.6118623232944, "logdet_hF": 13.945734977722168}